<?xml version="1.0" encoding="UTF-8"?>
<!DOCTYPE mapper PUBLIC "-//mybatis.org//DTD Mapper 3.0//EN"
  "http://mybatis.org/dtd/mybatis-3-mapper.dtd">
<!-- namespace : xml파일은 여러개일 수 있음. 
이를 구별하기 위한 식별 용도로 사용 -->
<mapper namespace="book">
	<!-- MyBatis에서 제공해주는 데이터 입력을 나타내는 태그
	1) 드루와 : Dao 객체가 던진 데이터타입.parameterType만 씀
	2) 가즈아 : Dao 객체의 메소드 쪽으로 리턴할 타입.
	  - resultType : vo, hashMap, String, int
	  - resultMap  : MyBatis의 resultMap 태그를 사용
	-->
	<!-- bookVO(전)=>{"bookId":"","title":"총알탄 개똥이","category":"소설","price":10000,"insertDate":""} -->
	<!-- bookVO(후)=>{"bookId":"1","title":"총알탄 개똥이","category":"소설","price":10000,"insertDate":""} -->
	<!-- 마이바티스 쿼리 XML에 전달되면 샵{title}을 "총알탄 개똥이"로 자동 변환함 -->
	<insert id="insert" parameterType="bookVO">
		<!-- 니키? 내키? 아니! 우리키!! -->
		<selectKey order="BEFORE" resultType="integer" keyProperty="bookId">
			SELECT NVL(MAX(BOOK_ID),0)+1 FROM BOOK
		</selectKey>
		
		INSERT INTO BOOK(BOOK_ID, TITLE, CATEGORY, PRICE, INSERT_DATE)
		VALUES(
		#{bookId},#{title},#{category},#{price},SYSDATE)
	</insert>
	<!-- p.71 -->
	<!-- 책 상세보기 
		select 태그는 조회(select) 쿼리를 실행하기 위한 mybatis 태그.
		parameterType(book_SQL.xml로 드루와) : bookVO 타입
		resultType(BookDAO로 가즈아) : bookVO 타입
	-->
	<!-- bookVO(드루와)=>{"bookId":"3","title":"","category":"","price":0,"insertDate":""} -->
	<!-- bookVO(가즈아)=>{"bookId":"3","title":"총알탄 개똥이","category":"소설","price":10000,"insertDate":"22/07/19"} -->
	<select id="select_detail" parameterType="bookVO" resultType="bookVO">
		SELECT BOOK_ID,TITLE,CATEGORY,PRICE,INSERT_DATE
		FROM   BOOK
		WHERE  BOOK_ID = #{bookId}
	</select>
	<!-- 책 수정하기. update태그는 update 쿼리를 실행하기 위한 마이바티스 태그 -->
	<update id="update" parameterType="bookVO">
		UPDATE BOOK
		SET    TITLE = #{title}, CATEGORY = #{category}, PRICE = #{price}
		WHERE  BOOK_ID = #{bookId}
	</update>
	
	<!-- p.90
	책 삭제하기. delete 태그는 삭제 쿼리를 실행하기 위한 mybatis 태그. 
	resultType="int"이고 생략 가능
	-->
	<delete id="delete" parameterType="bookVO">
		DELETE FROM BOOK
		WHERE  BOOK_ID = #{bookId}
	</delete>
	
	<!-- P.95
	책 목록 
	입 크게 벌리고 긴급하게 김씨 다타!! 
	
	P.102
	where 1 = 1은 늘 참임. 
	조건이 2개 이상일 때 WHERE + AND
	조건이 1개일 때 WHERE이어야 함. 
		WHERE(생략) 
		AND   => 오류 발생
		==>
		WHERE 1 = 1
		AND(생략)
		AND => 정상
	-->
	<select id="select_list" parameterType="String" resultType="bookVO">
		<![CDATA[
		SELECT BOOK_ID,TITLE,CATEGORY,PRICE,INSERT_DATE
		FROM   BOOK
		WHERE  1 = 1
		AND    1 = 1
		]]>
		<if test="keyword!=null and keyword!=''">
			AND (
					TITLE 	 LIKE '%' || #{keyword} || '%' 
				OR	CATEGORY LIKE '%' || #{keyword} || '%'
			)
		</if>		
		ORDER BY INSERT_DATE DESC
	</select>
	
</mapper>










